id,name
1,Mary Smith
2,Patricia Johnson
3,Linda Williams
4,Barbara Brown
5,Elizabeth Jones
6,Jennifer Miller
7,Maria Davis
8,Susan Garcia
9,Margaret Rodriguez
10,Dorothy Wilson
11,Lisa Martinez
12,Nancy Anderson
13,Karen Taylor
14,Betty Thomas
15,Helen Hernandez
16,Sandra Moore
17,Donna Martin
18,Carol Jackson
19,Ruth Thompson
20,Sharon White
21,Michelle Lopez
22,Laura Lee
23,Sarah Gonzalez
24,Kimberly Harris
25,Deborah Clark
26,Jessica Lewis
27,Shirley Robinson
28,Cynthia Walker
29,Angela Perez
30,Melissa Hall
31,Brenda Young
32,Amy Allen
33,Anna Sanchez
34,Rebecca Wright
35,Virginia King
36,Kathleen Scott
37,Pamela Green
38,Martha Baker
39,Debra Adams
40,Amanda Nelson
41,Stephanie Hill
42,Carolyn Ramirez
43,Christine Campbell
44,Marie Mitchell
45,Janet Roberts
46,Catherine Carter
47,Frances Phillips
48,Ann Evans
49,Joyce Turner
50,Diane Torres
51,Alice Parker
52,Julie Collins
53,Heather Edwards
54,Teresa Stewart
55,Doris Flores
56,Gloria Morris
57,Evelyn Nguyen
58,Jean Murphy
59,Cheryl Rivera
60,Mildred Cook
61,Katherine Rogers
62,Joan Morgan
63,Ashley Peterson
64,Judith Cooper
65,Rose Reed
66,Janice Bailey
67,Kelly Bell
68,Nicole Gomez
69,Judy Kelly
70,Christina Howard
71,Kathy Ward
72,Theresa Cox
73,Beverly Diaz
74,Denise Richardson
75,Tammy Wood
76,Irene Watson
77,Jane Brooks
78,Lori Bennett
79,Rachel Gray
80,Marilyn James
81,Andrea Reyes
82,Kathryn Cruz
83,Louise Hughes
84,Sara Price
85,Anne Myers
86,Jacqueline Long
87,Wanda Foster
88,Bonnie Sanders
89,Julia Ross
90,Ruby Morales
91,Lois Powell
92,Tina Sullivan
93,Phyllis Russell
94,Norma Ortiz
95,Paula Jenkins
96,Diana Gutierrez
97,Annie Perry
98,Lillian Butler
99,Emily Barnes
100,Robin Fisher
101,James Henderson
102,John Coleman
103,Robert Simmons
104,Michael Patterson
105,William Jordan
106,David Reynolds
107,Richard Hamilton
108,Charles Graham
109,Joseph Kim
110,Thomas Gonzales
111,Christopher Alexander
112,Daniel Ramos
113,Paul Wallace
114,Mark Griffin
115,Donald West
116,George Cole
117,Kenneth Hayes
118,Steven Chavez
119,Edward Gibson
120,Brian Bryant
121,Ronald Ellis
122,Anthony Stevens
123,Kevin Murray
124,Jason Ford
125,Matthew Marshall
126,Gary Owens
127,Timothy Mcdonald
128,Jose Harrison
129,Larry Ruiz
130,Jeffrey Kennedy
131,Frank Wells
132,Scott Alvarez
133,Eric Woods
134,Stephen Mendoza
135,Andrew Castillo
136,Raymond Olson
137,Gregory Webb
138,Joshua Washington
139,Jerry Tucker
140,Dennis Freeman
141,Walter Burns
142,Patrick Henry
143,Peter Vasquez
144,Harold Snyder
145,Douglas Simpson
146,Henry Crawford
147,Carl Jimenez
148,Arthur Porter
149,Ryan Mason
150,Roger Shaw
151,Joe Gordon
152,Juan Wagner
153,Jack Hunter
154,Albert Romero
155,Jonathan Hicks
156,Justin Dixon
157,Terry Hunt
158,Gerald Palmer
159,Keith Robertson
160,Samuel Black
161,Willie Holmes
162,Ralph Stone
163,Lawrence Meyer
164,Nicholas Boyd
165,Roy Mills
166,Benjamin Warren
167,Bruce Fox
168,Brandon Rose
169,Adam Rice
170,Harry Moreno
171,Fred Schmidt
172,Wayne Patel
173,Billy Ferguson
174,Steve Nichols
175,Louis Herrera
176,Jeremy Medina
177,Aaron Ryan
178,Randy Fernandez
179,Howard Weaver
180,Eugene Daniels
181,Carlos Stephens
182,Russell Gardner
183,Bobby Payne
184,Victor Kelley
185,Martin Dunn
186,Ernest Pierce
187,Phillip Arnold
188,Todd Tran
189,Jesse Spencer
190,Craig Peters
191,Alan Hawkins
192,Shawn Grant
193,Clarence Hansen
194,Sean Castro
195,Philip Hoffman
196,Chris Hart
197,Johnny Elliott
198,Earl Cunningham
199,Jimmy Knight
200,Antonio Bradley
